epoch,loss,mae,mse
0,0.012921512923351001,0.04905811,0.012921544
