epoch,loss,mae,mse,val_loss,val_mae,val_mse
0,0.0066003091387668005,0.04467647,0.006600306,0.00040457465668427894,0.015200189,0.00040456347
