epoch,loss,mae,mse
0,0.020678856529499006,0.07202306,0.020678932
