epoch,loss,mae,mse
0,0.004888331546013562,0.04736036,0.0048883446
