epoch,loss,mae,mse
0,0.010039693228653437,0.07515527,0.010039734
