epoch,loss,mae,mse
0,0.009764623853330646,0.065483175,0.009764666
