epoch,loss,mae,mse
0,0.040141015522115804,0.12266126,0.040140975
1,0.002370127400279375,0.03618221,0.0023701282
2,0.0010346596229622053,0.0243535,0.0010346606
3,0.0006976279068986751,0.020114288,0.000697627
4,0.0005472983917149719,0.017874843,0.0005472982
5,0.0004629378086803824,0.016499223,0.00046293755
6,0.00041111674330137965,0.015600209,0.00041111693
7,0.00037363739627198535,0.014921556,0.0003736374
8,0.0003430180600125661,0.014346956,0.00034301804
9,0.0003181679079649413,0.013851873,0.00031816793
10,0.0002965104600183718,0.013396953,0.0002965103
11,0.00027766553472614424,0.012970033,0.0002776657
12,0.0002631620203198418,0.01262351,0.0002631624
13,0.00025180571177224294,0.012346983,0.00025180622
14,0.00024265167313210188,0.0121164145,0.0002426517
15,0.00023504932466934878,0.011919861,0.00023505004
16,0.00022834534009576147,0.0117414985,0.00022834566
17,0.0002225882507167674,0.011587153,0.00022258803
18,0.0002175918672337468,0.0114533445,0.00021759162
19,0.00021300648019476266,0.011329288,0.00021300655
20,0.00020855929226217177,0.011208978,0.00020856
21,0.000204268255146388,0.011092263,0.00020426886
22,0.0002002360061664861,0.010980731,0.00020023607
23,0.00019670506264303362,0.010881526,0.0001967054
24,0.00019346654976237464,0.010789429,0.00019346621
