epoch,loss,mae,mse
0,0.001870741312407326,0.025160035,0.0018707511
