epoch,loss,mae,mse
0,0.0019937236737646727,0.02814323,0.0019937323
