epoch,loss,mae,mse
0,0.0005018538210915907,0.013258302,0.00050185487
1,0.00024089136777215436,0.010162245,0.00024089067
2,0.0002157394606609531,0.00942223,0.00021573853
3,0.0002043728178874202,0.009028929,0.00020437322
4,0.0001983161044419451,0.008815501,0.00019831622
5,0.0001942909950476444,0.008669448,0.00019429046
6,0.00019154549778693566,0.008561801,0.00019154594
7,0.00018962810335746832,0.0084877405,0.00018962799
8,0.00018771210796953385,0.008411133,0.00018771266
9,0.00018632210583232145,0.008354581,0.000186322
10,0.00018476519945542975,0.008289612,0.00018476538
11,0.00018363310403851074,0.00824315,0.00018363296
12,0.00018238260356073118,0.008189772,0.0001823824
13,0.00018123463158855495,0.008144232,0.00018123511
14,0.00018013015579954714,0.008098866,0.00018013052
15,0.00017939260983512582,0.008069825,0.00017939268
16,0.00017880241292604973,0.00804203,0.0001788025
17,0.00017796311440822915,0.008010369,0.00017796326
18,0.0001775287540499758,0.007990944,0.00017752877
19,0.00017695375733969244,0.007966913,0.00017695397
20,0.00017663056448269837,0.007953071,0.00017663054
21,0.00017616191571038226,0.007932485,0.00017616176
22,0.00017580099395310024,0.007918768,0.00017580065
23,0.000175370849373684,0.007899711,0.00017537095
24,0.00017498526679397605,0.00788756,0.0001749851
25,0.0001746147407682665,0.0078715775,0.00017461457
26,0.0001741028656627017,0.007848589,0.00017410291
27,0.0001737648858023964,0.007834833,0.00017376471
28,0.00017349127354829964,0.007826606,0.00017349147
29,0.00017317503504301254,0.007814217,0.00017317486
30,0.00017291506265559802,0.007804683,0.00017291529
31,0.00017265212079810822,0.0077953613,0.00017265198
32,0.0001724443572755422,0.0077860807,0.00017244456
33,0.00017229404091148763,0.0077783326,0.00017229418
34,0.00017197802619235724,0.0077684517,0.000171978
35,0.00017183730844511566,0.007763445,0.00017183715
36,0.00017167935633453636,0.0077563347,0.00017167958
37,0.00017148910583517603,0.007751614,0.00017148981
38,0.00017135855888991398,0.00774413,0.00017135854
39,0.00017121710709596096,0.00774045,0.00017121702
