epoch,loss,mae,mse
0,0.0047128886383038145,0.0371279,0.004712886
1,0.0008152146423853254,0.021549089,0.0008152187
