epoch,loss,mean_absolute_error,mean_squared_error,val_loss,val_mean_absolute_error,val_mean_squared_error
0,8.054868803283314e-05,0.019094545,0.0012415154,2.9788767987165775e-05,0.014642953,0.00049784547
1,3.2130453768047645e-05,0.014979618,0.000493783,2.8594942934941833e-05,0.014079078,0.00044503046
2,3.0731239429509606e-05,0.014531631,0.00046023552,2.8020304894400254e-05,0.013815336,0.00042402928
3,2.989017169204646e-05,0.014320281,0.00044637566,2.7885653768455904e-05,0.013622801,0.00040828783
4,2.9286462744110242e-05,0.014172166,0.00043706695,2.8763288180944506e-05,0.013746862,0.0004074374
5,2.882508733854058e-05,0.014041302,0.00042948243,3.087123646832957e-05,0.013947738,0.00040731192
6,2.854413593427211e-05,0.013960818,0.000424721,3.217557721952876e-05,0.014150694,0.0004090028
7,2.8311728791244713e-05,0.013918977,0.0004226685,3.0512483483337345e-05,0.0139416875,0.0004050047
8,2.8075735365375216e-05,0.013878102,0.00042120455,2.869044460148188e-05,0.013717853,0.00040325816
