epoch,loss,mae,mse
0,0.008757114674196311,0.045243658,0.008757125
