epoch,loss,mae,mse
0,0.029594446003127564,0.13006878,0.029595848
