epoch,loss,mae,mse
0,0.001297600179667368,0.01981575,0.0012976015
1,0.0003971628873054838,0.013090815,0.00039720366
