epoch,loss,mae,mse
0,0.0178172007349767,0.06017907,0.017817285
