epoch,loss,mae,mse
0,0.4266342164296821,0.51570797,0.42663604
