epoch,loss,mae,mse
0,0.021416030637156396,0.06305216,0.021416053
