epoch,loss,mae,mse
0,0.003023486503050472,0.025461461,0.0030234975
