epoch,loss,mae,mse
0,0.009586977953653703,0.05468133,0.009587037
