epoch,loss,mae,mse
0,0.009032192857814701,0.04759058,0.009032223
1,0.0006996832080835013,0.015302087,0.0006996837
