epoch,loss,mae,mse
0,0.0036388791915768224,0.04030589,0.003638888
