epoch,loss,mae,mse,val_loss,val_mae,val_mse
0,0.0018249994290682177,0.022328677,0.0018249957,0.00045384860358696174,0.014940043,0.0004538527
