epoch,loss,mae,mse
0,0.005368784287240679,0.026492225,0.0053688
