epoch,loss,mae,mse
0,0.0014314403936984436,0.01751655,0.0014314374
