epoch,loss,mae,mse
0,0.07195077070067953,0.18117645,0.07195084
