epoch,loss,mae,mse
0,0.00014926499510806642,0.028058246,0.002149388
