epoch,loss,mae,mse
0,0.12112356103781696,0.23649052,0.12112414
