epoch,loss,mae,mse,val_loss,val_mae,val_mse
0,0.004956885205314805,0.042497613,0.0049568806,0.0009065457089918804,0.022268765,0.0009065395
