epoch,loss,mae,mse
0,0.07350657794512558,0.17855667,0.073507726
