epoch,loss,mae,mse
0,0.001521518035983528,0.01753376,0.0015215194
1,0.0003518635854846066,0.011313447,0.000351865
