epoch,loss,mae,mse
0,0.0035270685723067857,0.04022572,0.003527082
