epoch,loss,mae,mse
0,0.019097966925446422,0.07463397,0.01909805
