epoch,loss,mae,mse
0,0.01977481277710681,0.06404159,0.019774798
