epoch,loss,mae,mse
0,0.028760134185181124,0.122823514,0.028760238
