epoch,loss,mae,mse
0,0.03235840065384379,0.12101908,0.032358382
