epoch,loss,mae,mse
0,0.002993911124287183,0.024265671,0.0029939075
1,0.00045718298162753847,0.012408103,0.00045718218
2,0.0003815911494224584,0.011330792,0.00038159054
3,0.0003375094776854988,0.010691377,0.0003375096
4,0.00030494354898285067,0.010221026,0.00030494426
5,0.0002805172831429872,0.009857951,0.00028051613
6,0.00026219503326527644,0.009564309,0.000262195
7,0.00024861952099408967,0.009330049,0.00024861938
8,0.00023810726016357893,0.009133888,0.00023810763
9,0.0002297574178395694,0.008967591,0.00022975737
10,0.00022304982599878295,0.008830924,0.00022305045
11,0.00021743838466922106,0.008715028,0.00021743815
12,0.0002126206505338107,0.008610303,0.00021262122
13,0.0002084941981986796,0.00851954,0.00020849456
14,0.0002050207852361026,0.00844432,0.00020502078
15,0.00020200324880387835,0.008378536,0.00020200365
16,0.0001994388211413893,0.008320927,0.00019943826
17,0.00019730989005782207,0.008271748,0.00019731004
18,0.0001954153460252332,0.008226186,0.00019541476
19,0.00019376046377789517,0.008186226,0.00019376064
20,0.00019223555246223424,0.008146584,0.00019223541
21,0.0001908871399639642,0.008110516,0.00019088687
22,0.0001896339143880761,0.008075577,0.00018963401
23,0.00018848766659946076,0.008042949,0.00018848827
24,0.0001874422216163041,0.008013338,0.0001874424
25,0.00018645853818075308,0.007984102,0.00018645846
26,0.0001855716517724009,0.007957337,0.00018557189
27,0.00018472406484984442,0.00793187,0.00018472395
28,0.00018392936958961065,0.00790817,0.00018392957
29,0.00018319264187648262,0.007885755,0.00018319242
30,0.00018250242954711567,0.007864453,0.0001825026
31,0.00018184029664681533,0.007844907,0.00018184065
32,0.00018122404002547437,0.007825585,0.00018122402
33,0.00018064392710946992,0.007806688,0.00018064398
34,0.00018008612612392783,0.007788221,0.00018008638
35,0.00017956383860757023,0.007770441,0.00017956385
36,0.00017907186353733723,0.00775343,0.0001790712
37,0.00017862899434991706,0.0077378987,0.00017862883
38,0.00017818040630438814,0.0077219727,0.00017818018
39,0.0001777391436429525,0.007706761,0.00017773916
