epoch,loss,mae,mse
0,0.09676900947744346,0.23990001,0.0967697
