epoch,loss,mae,mse
0,0.0005709615888412195,0.014028721,0.00057096255
1,0.0002741011932784565,0.010943366,0.0002741018
