epoch,loss,mae,mse
0,0.0006005356438460854,0.014280237,0.00060053525
