epoch,loss,mae,mse
0,0.001890834035873413,0.021495635,0.0018908329
