epoch,loss,mae,mse
0,0.04127598485968555,0.15573801,0.041276194
