epoch,loss,mae,mse
0,0.05720520202118445,0.18168049,0.057205405
