epoch,loss,mae,mse,val_loss,val_mae,val_mse
0,0.0021043151005357506,0.025545644,0.002104316,0.0005229239874926574,0.016365223,0.000522928
