epoch,loss,mae,mse
0,0.0076508266523094585,0.04134767,0.0076508517
