epoch,loss,mae,mse
0,0.022414305779287446,0.11751807,0.022414453
