epoch,loss,mae,mse
0,0.017575965489063667,0.0815574,0.017576233
