epoch,loss,mae,mse
0,0.002200374202526068,0.01586134,0.0022003816
