epoch,loss,mae,mse
0,0.01706152412915156,0.090604454,0.017061694
