epoch,loss,mae,mse
0,0.010709589318692134,0.07006347,0.010709699
