epoch,loss,mae,mse
0,0.005088694068236959,0.050621685,0.0050900197
