epoch,loss,mae,mse,val_loss,val_mae,val_mse
0,0.0009120420112593897,0.017130744,0.0009120391,0.0004276317071555315,0.015205021,0.0004276245
