epoch,loss,mae,mse
0,0.00024670971400716856,0.029089544,0.003529834
